attendance,study_hours,assignment_score,internal_marks,previous_gpa,sleep_hours,extracurricular_hours,risk_level
80.17,0.69,52.88,49.51,8.29,7.38,13.38,Low Risk
46.64,2.14,67.85,36.72,4.79,7.25,8.17,Needs Support
57.12,4.92,87.61,35.42,8.74,7.49,5.10,Low Risk
63.51,1.20,41.29,90.09,7.42,8.04,10.95,Low Risk
74.49,7.80,59.60,70.88,8.89,7.09,12.93,Low Risk
47.52,2.21,53.81,40.19,5.01,4.51,4.17,Needs Support
79.96,3.24,59.06,48.62,5.24,8.68,9.72,Low Risk
85.10,1.73,59.66,99.32,7.66,6.78,10.27,Low Risk
91.36,6.32,49.89,37.09,5.55,5.34,3.16,Low Risk
62.31,5.42,60.72,94.45,6.48,5.32,3.70,Low Risk
75.88,2.47,73.00,93.36,6.10,5.10,14.96,Low Risk
47.59,1.32,75.78,86.49,6.24,4.32,5.72,Needs Support
99.79,4.47,98.12,90.95,3.57,7.60,10.23,Low Risk
80.25,1.34,63.26,64.49,9.70,8.38,3.95,Low Risk
72.53,1.84,94.32,91.58,5.44,7.19,9.13,Low Risk
74.67,6.34,69.47,35.04,5.61,4.10,13.94,Low Risk
93.33,6.74,54.99,38.77,9.21,8.73,1.28,Low Risk
86.83,6.24,43.35,65.89,7.07,5.33,13.09,Low Risk
68.27,2.09,70.05,82.45,4.81,5.56,14.93,Needs Support
73.47,1.41,49.61,56.98,7.32,5.15,3.30,Needs Support
48.90,5.23,49.88,93.85,9.09,4.35,3.57,Low Risk
52.28,7.52,72.12,65.72,8.60,8.04,2.86,Low Risk
50.33,3.73,62.53,65.36,8.24,7.37,14.76,Low Risk
63.66,6.96,51.16,47.36,6.42,6.11,4.18,Low Risk
58.74,7.42,63.80,90.99,7.08,4.25,14.99,Low Risk
95.95,6.87,45.81,66.57,4.89,6.01,0.88,Low Risk
65.84,7.89,52.24,85.96,6.46,6.12,14.36,Low Risk
84.51,1.66,54.29,97.97,7.26,6.71,11.22,Low Risk
48.14,4.88,67.69,90.43,4.52,8.80,1.20,Low Risk
82.14,2.26,42.79,92.87,5.10,6.97,9.29,Low Risk
68.06,4.88,68.98,95.76,4.83,7.58,3.58,Low Risk
61.50,2.87,83.87,39.72,6.48,8.99,14.94,Low Risk
49.03,2.10,52.24,95.66,9.23,8.40,5.54,Low Risk
83.69,5.09,99.17,77.51,3.55,8.09,4.49,Low Risk
81.49,7.54,43.73,42.50,4.20,6.77,4.09,Low Risk
56.20,5.26,52.16,66.75,9.38,8.23,1.38,Low Risk
68.30,2.58,35.23,85.12,7.64,5.31,11.12,Low Risk
45.53,1.06,92.40,93.76,7.05,8.17,8.74,Low Risk
53.15,1.46,55.04,93.43,8.67,8.30,13.48,Low Risk
50.65,6.35,92.47,61.41,7.53,4.77,13.95,Low Risk
92.55,7.82,87.70,92.29,3.66,7.68,4.98,Low Risk
92.52,6.58,52.34,86.18,4.20,8.36,12.88,Low Risk
57.23,6.62,64.92,54.84,8.67,5.14,0.35,Low Risk
92.54,7.75,53.14,76.70,6.10,8.91,8.04,Low Risk
96.66,1.37,98.08,46.61,9.76,5.33,1.63,Low Risk
62.25,5.05,68.24,60.04,7.25,5.27,10.63,Low Risk
45.09,7.44,70.00,81.76,8.32,7.35,5.46,Low Risk
63.16,2.85,90.12,81.78,5.45,5.55,6.13,Low Risk
67.13,2.72,43.27,62.33,9.61,7.39,13.54,Low Risk
75.14,0.50,53.65,62.94,7.27,7.27,6.97,Needs Support
69.32,2.10,65.76,93.58,8.67,4.85,1.27,Low Risk
63.44,6.64,83.82,78.73,4.96,5.00,0.37,Low Risk
58.47,4.06,90.23,39.73,6.19,7.15,2.92,Low Risk
58.42,5.42,35.36,83.81,8.51,4.53,6.38,Low Risk
54.67,7.68,68.67,38.26,5.12,8.24,6.85,Low Risk
99.33,4.97,96.75,92.94,7.48,7.60,7.57,Low Risk
90.68,4.61,93.32,83.34,6.59,5.30,3.71,Low Risk
73.67,5.20,52.85,40.04,5.36,5.36,4.80,Low Risk
74.71,1.54,50.03,80.11,8.09,4.32,6.11,Needs Support
56.38,3.65,93.81,72.97,8.02,8.28,11.48,Low Risk
65.92,0.54,57.86,83.98,9.05,8.77,6.29,Low Risk
78.18,2.15,49.26,63.33,3.69,5.68,10.19,Needs Support
67.24,1.74,65.38,43.30,7.54,4.13,5.91,Needs Support
80.35,1.52,65.01,38.27,5.96,5.06,4.90,Needs Support
86.87,3.34,83.88,89.08,5.14,4.41,0.29,Needs Support
64.25,5.38,85.78,77.36,8.40,8.75,2.99,Low Risk
46.12,1.64,43.20,78.51,7.17,5.09,10.49,Needs Support
78.40,6.11,42.44,88.25,9.77,4.54,0.39,Low Risk
62.16,5.58,97.28,60.78,8.15,4.38,10.36,Low Risk
87.49,6.88,74.03,42.87,9.89,7.91,5.21,Low Risk
68.56,3.28,67.89,57.18,9.02,8.11,1.58,Low Risk
90.58,5.80,63.31,82.70,9.78,5.35,12.12,Low Risk
74.60,4.13,63.31,82.52,5.24,8.26,12.46,Low Risk
58.41,3.99,74.67,59.63,3.69,8.25,2.73,Low Risk
56.67,6.48,57.12,92.22,8.06,5.38,0.15,Low Risk
84.60,4.16,84.28,79.89,7.70,6.45,11.89,Low Risk
50.12,2.16,79.97,54.90,7.28,6.37,7.96,Needs Support
63.19,5.77,52.61,51.34,4.28,4.96,1.79,Low Risk
74.47,6.22,47.03,49.07,6.65,7.62,14.65,Low Risk
50.53,1.96,49.79,46.66,3.59,6.67,4.11,Needs Support
98.59,4.65,80.33,43.21,9.14,6.45,13.09,Low Risk
69.23,1.88,38.34,96.17,6.61,8.11,6.01,Low Risk
49.07,5.22,38.48,44.70,7.16,5.52,14.91,Low Risk
78.35,6.43,49.67,68.97,6.43,6.21,12.90,Low Risk
99.45,2.79,75.37,74.63,8.31,8.74,3.12,Low Risk
53.64,1.80,39.88,35.17,6.43,6.97,4.37,Needs Support
57.73,5.80,80.69,64.51,7.97,8.62,11.82,Low Risk
96.35,3.69,70.40,77.10,9.40,8.13,1.07,Low Risk
54.13,2.81,83.68,72.00,5.38,4.62,10.33,Low Risk
72.53,4.20,40.23,37.59,6.31,5.61,3.76,Needs Support
50.02,7.71,89.34,72.39,9.68,9.00,10.08,Low Risk
86.59,4.03,77.35,94.54,4.68,6.93,9.52,Low Risk
72.04,1.18,57.62,56.67,7.86,8.29,4.95,Low Risk
96.99,6.60,70.76,64.56,5.54,5.62,14.55,Low Risk
67.23,4.36,99.23,77.75,7.03,6.07,2.81,Low Risk
79.40,6.20,48.23,70.70,9.53,6.19,10.47,Low Risk
51.68,7.80,74.58,50.55,4.53,6.75,8.28,Low Risk
95.21,3.96,42.64,89.09,6.74,7.58,7.63,Low Risk
60.04,6.76,98.72,50.84,7.08,5.92,13.83,Low Risk
92.52,2.57,86.35,61.97,9.57,6.54,12.31,Low Risk
60.56,2.74,73.15,99.93,6.68,4.74,8.08,Low Risk
74.89,3.92,55.92,47.26,8.03,6.86,3.50,Low Risk
87.65,0.83,83.41,80.84,8.77,5.93,9.96,Low Risk
72.24,0.78,67.65,73.36,9.15,8.37,6.60,Needs Support
73.93,3.93,81.96,61.65,7.76,4.77,7.04,Low Risk
83.10,5.37,90.36,90.40,9.09,5.90,4.75,Low Risk
84.53,6.20,91.70,37.33,3.94,7.16,13.81,Low Risk
68.87,1.24,76.19,91.72,6.38,7.47,13.55,Low Risk
47.53,6.47,54.07,59.36,4.45,6.66,8.49,Low Risk
49.34,7.03,75.28,50.65,9.43,4.72,6.92,Low Risk
58.97,2.41,35.61,87.30,9.36,7.39,2.37,Low Risk
77.32,5.29,62.58,51.26,8.99,5.00,5.77,Low Risk
71.58,2.28,72.17,72.36,9.95,5.48,14.67,Low Risk
76.13,5.64,83.40,38.19,7.44,6.48,13.56,Low Risk
60.74,6.49,74.46,57.90,7.64,7.10,10.17,Low Risk
91.11,5.21,93.72,77.01,5.51,6.20,8.69,Low Risk
85.28,1.18,54.18,83.59,4.64,4.66,8.09,Low Risk
95.24,6.73,51.70,88.60,6.63,8.03,11.20,Low Risk
63.63,1.36,97.59,44.15,9.78,8.30,10.86,Low Risk
89.25,3.24,86.39,35.90,6.99,6.27,10.09,Low Risk
81.98,4.88,88.46,96.12,4.20,5.17,0.38,Low Risk
95.34,2.16,39.11,88.55,9.41,5.51,6.12,Low Risk
52.69,7.60,54.78,67.02,4.13,8.44,2.03,Low Risk
85.87,7.59,62.24,83.25,4.50,6.07,1.49,Low Risk
71.91,3.56,96.85,37.13,5.91,6.22,14.26,Low Risk
82.71,4.58,98.56,58.31,6.09,4.95,1.83,Low Risk
91.64,3.91,78.08,76.71,7.38,4.11,11.80,Low Risk
76.05,1.01,84.74,48.47,4.90,8.35,4.93,Low Risk
53.12,7.25,35.18,90.80,4.44,4.65,3.76,Low Risk
46.42,0.61,86.35,50.47,5.60,4.87,0.79,Needs Support
85.79,4.45,83.47,65.96,8.56,6.57,1.64,Low Risk
47.39,6.37,91.35,68.89,6.48,8.82,0.91,Low Risk
71.34,3.51,79.60,66.87,9.41,4.37,1.21,Low Risk
60.13,5.25,70.64,56.14,9.97,6.65,6.81,Low Risk
78.30,1.24,80.62,90.43,7.73,7.84,10.81,Low Risk
57.57,3.04,64.48,62.04,4.12,6.13,9.98,Low Risk
65.59,1.64,94.99,39.36,8.91,4.47,1.45,Low Risk
75.60,4.90,71.50,56.43,4.29,5.77,9.98,Low Risk
86.27,7.01,81.87,97.95,7.40,5.76,8.67,Low Risk
57.33,1.31,89.95,58.89,8.46,6.87,12.11,Low Risk
91.48,7.81,88.20,74.88,7.68,4.13,13.94,Low Risk
54.92,5.77,55.08,57.09,3.54,8.35,8.49,Low Risk
67.04,1.56,76.16,36.99,8.35,5.08,6.30,Needs Support
84.69,6.33,71.89,40.52,3.84,4.79,9.27,Low Risk
82.07,2.54,78.03,66.57,6.37,5.37,11.32,Low Risk
60.58,5.59,66.63,78.36,3.80,5.98,8.99,Low Risk
45.42,2.76,48.73,43.92,5.16,5.64,0.12,Needs Support
65.91,5.78,67.52,89.17,8.74,4.36,12.93,Low Risk
47.33,0.64,94.88,91.04,7.24,6.87,10.64,Low Risk
46.15,2.94,87.09,75.18,8.91,8.60,1.32,Low Risk
91.45,2.32,73.28,69.06,6.07,5.55,5.09,Low Risk
73.08,1.36,68.15,93.88,5.77,7.64,12.28,Low Risk
89.83,2.27,44.52,47.82,7.42,7.80,9.83,Low Risk
72.18,6.16,84.39,64.18,9.51,6.82,9.53,Low Risk
79.35,6.98,75.77,44.81,3.94,6.21,4.54,Low Risk
72.90,2.83,64.37,38.70,8.91,4.38,12.96,Low Risk
92.04,5.11,67.96,65.08,7.10,7.96,13.44,Low Risk
80.85,2.91,65.92,44.81,3.90,4.52,13.49,Low Risk
63.89,5.86,67.80,46.22,5.11,6.19,6.59,Low Risk
65.51,2.62,61.57,56.99,7.39,7.95,9.71,Low Risk
48.63,1.21,79.09,53.47,8.20,7.28,13.60,Low Risk
77.05,1.56,57.74,97.90,8.04,5.96,8.93,Low Risk
96.59,2.82,59.48,86.46,8.79,7.35,12.43,Low Risk
73.95,5.35,62.52,58.52,5.86,4.90,3.21,Low Risk
97.12,4.15,49.73,43.94,4.00,8.22,1.52,Low Risk
93.60,0.78,56.89,84.81,4.35,5.88,2.43,Needs Support
90.72,6.28,87.59,45.76,6.34,6.05,10.15,Low Risk
60.67,6.11,64.18,69.71,5.51,8.04,7.04,Low Risk
90.93,3.26,96.56,98.99,6.50,5.41,5.73,Low Risk
89.93,6.51,44.00,51.25,7.67,8.37,8.32,Low Risk
50.64,6.84,90.33,53.53,8.46,5.36,13.58,Low Risk
97.05,2.17,64.32,57.72,3.67,4.27,7.53,Low Risk
57.97,7.96,59.37,36.83,9.55,8.20,9.75,Low Risk
60.78,6.72,80.24,44.02,8.09,6.24,0.08,Low Risk
49.36,2.42,89.27,70.67,8.23,6.64,1.67,Low Risk
47.63,3.65,86.60,64.71,4.22,8.53,8.95,Low Risk
45.90,4.37,50.73,44.33,6.29,7.07,3.61,Needs Support
49.71,7.81,39.40,69.19,6.80,8.94,8.31,Low Risk
66.47,4.03,76.32,98.77,5.15,4.08,11.83,Low Risk
79.55,6.29,82.79,56.61,3.79,6.73,12.20,Low Risk
54.63,6.34,65.20,80.20,7.61,8.06,0.95,Low Risk
61.14,0.83,47.97,37.72,9.57,6.58,14.84,Needs Support
74.87,2.40,83.96,47.42,5.82,7.90,12.99,Low Risk
65.24,7.17,83.32,93.15,6.01,8.87,7.44,Low Risk
72.36,7.43,68.75,87.07,8.23,4.39,9.04,Low Risk
62.67,1.10,77.96,54.92,7.42,6.13,10.35,Needs Support
64.34,0.82,91.55,57.92,9.99,5.37,14.70,Low Risk
80.06,3.22,87.07,79.16,9.69,4.71,9.11,Low Risk
87.97,0.76,39.37,85.60,5.88,5.91,8.51,Needs Support
97.19,3.29,84.60,72.30,6.94,5.99,9.74,Low Risk
58.73,1.35,82.82,67.44,6.02,6.81,3.93,Low Risk
99.80,2.64,94.57,66.93,4.30,8.26,6.78,Low Risk
94.43,3.84,40.71,79.33,9.00,5.60,5.21,Low Risk
94.02,6.89,81.27,95.28,7.65,7.97,7.63,Low Risk
51.67,2.01,44.03,86.37,3.67,6.77,5.53,Needs Support
78.66,1.15,55.10,99.97,8.17,6.63,11.54,Low Risk
90.28,1.05,98.20,76.75,6.42,7.40,5.17,Low Risk
80.19,1.86,97.81,63.12,9.42,4.28,1.86,Low Risk
53.42,1.73,55.97,81.11,5.75,8.70,13.42,Low Risk
79.93,4.63,43.14,54.68,6.97,6.51,2.53,Low Risk
96.79,1.66,77.82,81.84,7.43,8.21,8.45,Low Risk
47.50,5.31,72.49,77.32,8.49,6.08,9.58,Low Risk
72.39,5.20,53.83,97.18,6.64,8.02,10.27,Low Risk
48.30,3.80,66.48,48.26,7.44,5.56,10.78,Low Risk
85.38,6.96,98.40,43.50,5.91,6.81,4.79,Low Risk
58.64,1.23,53.86,59.97,7.50,5.24,12.98,Needs Support
53.78,2.96,72.55,55.33,8.46,6.49,7.72,Low Risk
46.27,7.59,67.85,97.83,4.90,5.76,0.76,Low Risk
72.22,7.12,77.53,65.59,6.99,8.24,6.46,Low Risk
87.01,3.24,61.04,72.07,4.77,6.77,1.10,Low Risk
72.73,6.23,53.18,99.29,7.92,4.59,14.63,Low Risk
63.65,7.54,84.07,47.94,6.81,6.50,0.68,Low Risk
52.54,3.00,65.79,64.70,7.44,6.58,4.92,Low Risk
99.48,6.04,54.45,56.86,8.88,6.66,10.63,Low Risk
61.49,6.62,58.94,78.80,9.87,6.92,11.95,Low Risk
46.47,4.06,97.86,85.89,8.55,6.89,10.82,Low Risk
77.09,1.78,75.89,75.28,8.97,4.74,10.21,Low Risk
51.04,0.64,55.39,44.84,7.99,6.05,11.62,Needs Support
95.63,7.05,82.83,39.05,4.40,5.04,4.88,Low Risk
62.26,1.80,94.29,57.25,5.80,7.86,10.81,Low Risk
80.38,5.70,74.65,47.50,5.10,6.79,3.37,Low Risk
60.90,2.05,80.82,55.61,5.77,8.67,11.93,Low Risk
60.04,1.41,78.98,59.68,9.87,8.09,14.32,Low Risk
60.82,5.86,57.51,63.75,5.17,6.40,3.03,Low Risk
74.62,7.50,80.25,43.92,7.50,6.93,3.64,Low Risk
80.09,0.89,61.86,81.63,4.15,7.85,0.08,Needs Support
75.27,7.47,61.45,95.78,9.21,6.39,2.99,Low Risk
80.52,7.31,40.81,72.32,6.98,7.62,14.05,Low Risk
95.23,1.81,92.35,46.43,9.48,8.99,5.95,Low Risk
97.92,7.45,91.99,35.60,7.19,4.54,14.74,Low Risk
60.65,7.92,70.31,67.10,9.60,8.26,7.02,Low Risk
53.94,3.94,51.72,47.10,8.29,7.95,8.52,Low Risk
86.65,1.82,90.65,93.31,8.88,6.58,1.30,Low Risk
52.73,2.93,51.12,51.95,5.03,7.77,14.31,Needs Support
61.61,5.92,35.74,77.49,8.00,4.31,1.77,Low Risk
72.64,7.21,80.73,55.21,4.26,8.58,4.43,Low Risk
78.80,2.14,43.68,44.96,8.36,7.03,6.24,Needs Support
74.56,5.48,49.20,51.09,8.41,8.37,1.23,Low Risk
69.57,5.78,40.08,71.67,3.90,6.74,7.58,Low Risk
63.05,4.40,42.56,48.35,7.29,4.45,7.66,Low Risk
89.48,3.90,68.36,64.69,3.88,6.31,12.10,Low Risk
89.90,6.09,72.59,37.94,5.74,4.32,14.91,Low Risk
96.40,1.02,95.70,37.06,6.16,7.84,11.49,Low Risk
68.12,7.95,59.86,91.53,9.39,5.88,10.24,Low Risk
81.40,4.54,77.48,57.61,4.66,6.69,7.93,Low Risk
45.19,0.67,54.39,78.78,7.04,6.66,12.35,Needs Support
58.61,3.10,52.92,95.93,8.21,4.56,12.14,Low Risk
93.61,0.62,48.40,41.56,3.72,6.99,10.55,Needs Support
47.68,6.05,61.15,50.23,4.91,8.32,0.85,Low Risk
89.87,5.99,55.73,73.86,7.87,5.60,4.53,Low Risk
52.88,5.45,49.37,54.53,3.90,8.74,13.20,Low Risk
68.50,4.22,98.20,96.20,7.86,7.93,4.78,Low Risk
67.90,1.62,59.47,84.04,6.58,8.25,4.51,Low Risk
95.31,4.72,97.91,71.22,4.37,5.21,3.05,Low Risk
80.57,7.42,90.06,41.01,8.21,4.95,4.03,Low Risk
93.05,1.91,84.51,82.08,7.13,6.40,13.04,Low Risk
63.31,7.68,36.00,95.92,9.75,4.59,14.99,Low Risk
78.24,2.03,94.48,70.89,8.54,5.90,8.00,Low Risk
64.76,2.46,68.33,67.32,4.14,8.91,7.04,Low Risk
65.39,3.60,71.56,49.38,4.45,5.30,14.02,Needs Support
76.85,3.63,44.91,56.44,5.97,8.17,7.49,Low Risk
59.15,6.66,97.82,76.71,6.69,4.84,11.92,Low Risk
54.31,5.90,66.74,94.60,7.02,7.21,0.88,Low Risk
96.99,5.51,84.68,61.81,8.98,5.16,10.61,Low Risk
45.50,4.29,59.26,75.16,7.83,7.08,7.25,Low Risk
75.34,0.59,69.41,52.86,9.85,4.09,12.20,Needs Support
82.07,6.55,94.14,41.96,4.13,4.74,2.88,Low Risk
59.70,3.48,59.25,61.39,7.17,8.95,3.39,Low Risk
82.62,6.86,77.49,90.78,8.44,4.47,5.69,Low Risk
45.52,1.79,67.49,63.20,8.60,6.83,12.87,Needs Support
50.24,4.46,37.77,48.74,9.14,8.44,7.13,Low Risk
95.91,7.24,71.63,37.14,9.54,5.57,14.42,Low Risk
77.29,6.14,81.33,60.89,4.00,4.81,3.61,Low Risk
94.31,2.99,84.11,44.10,9.93,7.62,7.51,Low Risk
98.59,0.90,63.41,89.51,5.71,7.85,14.32,Low Risk
46.63,2.55,99.52,66.89,5.81,8.71,6.48,Low Risk
82.38,5.46,40.57,75.21,8.69,7.57,1.23,Low Risk
79.86,6.05,55.58,41.93,3.53,5.54,5.40,Low Risk
59.84,1.49,47.18,64.17,7.11,6.04,0.39,Needs Support
77.89,2.93,60.04,53.97,6.02,4.42,13.52,Low Risk
94.79,7.84,72.18,46.02,5.97,4.69,4.52,Low Risk
68.91,3.66,66.48,40.00,5.14,5.23,9.38,Low Risk
77.66,1.97,41.95,54.80,9.67,5.66,9.30,Low Risk
63.41,6.62,90.87,98.32,4.38,5.60,14.21,Low Risk
56.05,2.86,97.70,97.97,5.39,7.47,7.37,Low Risk
65.68,6.62,60.54,42.40,7.17,6.96,8.18,Low Risk
82.49,4.63,96.95,65.01,8.10,6.19,4.37,Low Risk
88.76,3.57,67.45,76.17,5.07,7.29,10.73,Low Risk
88.40,1.05,99.40,66.15,6.11,6.53,13.81,Low Risk
88.49,3.20,93.21,69.90,7.65,4.42,11.53,Low Risk
81.17,3.16,77.05,37.88,9.89,7.39,5.99,Low Risk
68.68,0.58,51.82,68.19,6.87,6.90,8.63,Needs Support
69.52,3.43,85.20,73.26,6.75,5.72,0.37,Low Risk
97.90,1.37,96.14,44.21,5.53,6.28,3.10,Low Risk
71.56,4.07,63.48,80.29,5.57,5.50,12.15,Low Risk
80.64,5.58,45.68,98.95,5.09,4.87,2.40,Low Risk
75.79,7.69,50.07,61.33,4.70,7.20,6.48,Low Risk
55.85,4.94,60.27,80.81,4.84,7.76,12.13,Low Risk
48.44,1.26,91.68,47.15,5.62,6.29,3.94,Needs Support
80.15,4.98,74.74,73.16,5.76,8.23,9.26,Low Risk
89.76,5.79,54.33,74.94,4.05,4.67,1.77,Low Risk
83.14,4.33,62.19,43.96,5.99,4.93,9.53,Low Risk
83.14,5.34,99.99,71.07,6.68,4.70,4.72,Low Risk
64.75,0.57,43.87,87.99,9.76,6.53,7.42,Low Risk
82.66,3.62,89.59,66.77,4.04,4.15,11.42,Low Risk
74.57,1.76,64.73,83.26,8.48,6.75,1.70,Low Risk
51.28,6.31,88.51,58.85,8.85,4.21,10.78,Low Risk
50.63,6.73,83.84,54.35,10.00,6.25,5.23,Low Risk
89.92,3.79,99.61,85.42,5.04,8.05,8.82,Low Risk
79.80,1.74,44.05,48.43,4.85,4.30,5.26,Needs Support
60.46,4.54,56.04,80.76,5.38,5.34,12.87,Low Risk
50.24,7.72,86.07,94.72,9.95,8.34,1.90,Low Risk
92.63,2.37,81.24,88.85,8.45,7.38,7.34,Low Risk
67.78,3.89,76.19,92.21,4.11,6.58,4.17,Low Risk
96.50,3.27,96.77,56.27,3.52,7.87,10.99,Low Risk
81.53,3.19,39.12,69.74,4.92,6.15,3.18,Low Risk
59.77,6.71,56.95,72.57,7.18,6.43,5.16,Low Risk
50.48,6.38,64.87,43.08,9.07,6.21,0.01,Low Risk
97.69,2.02,79.76,43.57,7.72,4.79,13.99,Low Risk
58.77,3.29,93.75,45.76,6.08,5.53,10.49,Low Risk
57.88,5.42,80.74,35.07,6.60,4.66,3.39,Low Risk
83.26,6.63,99.23,62.45,4.36,4.35,5.75,Low Risk
85.19,1.27,55.37,92.26,4.39,7.87,11.30,Low Risk
52.86,4.48,35.55,77.25,6.36,7.61,9.42,Low Risk
53.33,3.59,79.63,90.90,4.06,4.50,11.29,Low Risk
97.98,2.86,44.09,53.00,4.05,6.77,9.00,Low Risk
78.42,6.34,79.88,90.11,7.78,5.51,7.77,Low Risk
61.25,0.91,93.36,97.05,6.72,4.56,7.49,Low Risk
77.67,4.46,98.55,99.15,9.57,4.66,12.91,Low Risk
82.56,6.22,97.04,85.07,3.61,4.34,3.93,Low Risk
47.19,0.95,86.30,67.93,7.59,6.51,6.23,Needs Support
74.51,5.12,53.04,55.14,6.82,5.02,12.12,Low Risk
74.50,3.43,76.23,89.24,7.93,4.33,10.48,Low Risk
48.18,1.15,63.24,64.47,7.46,5.55,11.13,Needs Support
85.74,1.40,81.01,80.60,4.56,8.77,7.85,Low Risk
54.18,1.45,85.77,52.47,9.26,7.86,0.44,Needs Support
89.39,2.54,39.15,81.30,7.25,4.39,6.83,Low Risk
76.18,3.26,51.58,41.69,7.23,7.61,3.43,Low Risk
72.99,0.83,91.09,50.90,6.57,5.91,2.25,Low Risk
75.41,7.35,83.14,62.26,5.59,6.08,10.80,Low Risk
59.92,1.08,59.23,67.63,9.36,4.90,12.07,Low Risk
48.79,3.99,53.35,89.92,5.63,6.77,0.12,Low Risk
56.04,4.73,54.75,75.48,6.52,6.96,7.40,Low Risk
94.52,6.20,50.93,35.41,6.17,5.16,5.20,Low Risk
91.18,7.08,96.81,35.10,7.77,8.25,10.91,Low Risk
58.10,4.19,38.89,99.80,8.13,4.47,13.82,Low Risk
94.35,4.40,80.56,59.21,9.83,4.42,1.43,Low Risk
49.12,4.76,63.27,97.67,5.04,5.30,4.73,Low Risk
89.04,5.76,82.80,55.67,5.27,4.37,3.04,Low Risk
53.55,1.73,65.29,61.42,6.98,8.82,3.11,Needs Support
61.96,2.49,42.79,45.24,7.96,8.13,10.45,Low Risk
63.03,1.18,51.13,58.12,6.84,7.39,3.90,Needs Support
99.49,0.73,61.29,64.39,8.36,5.25,6.93,Low Risk
45.66,6.73,98.87,43.50,8.85,5.86,9.45,Low Risk
80.46,4.87,51.82,87.83,3.64,4.32,13.54,Low Risk
94.78,6.72,56.55,37.78,6.50,4.84,8.61,Low Risk
90.19,3.46,36.92,79.41,4.62,5.07,2.81,Low Risk
46.91,5.14,50.98,54.18,6.18,6.75,0.91,Low Risk
60.39,1.53,47.96,92.50,6.92,7.15,12.03,Low Risk
88.01,3.19,70.39,66.50,9.43,6.51,5.83,Low Risk
54.89,2.89,49.24,93.22,8.56,4.29,14.87,Needs Support
99.98,7.80,41.51,77.70,5.23,8.08,13.76,Low Risk
48.07,7.97,49.26,90.02,8.68,5.77,12.59,Low Risk
77.59,6.55,80.35,94.41,3.68,7.50,14.21,Low Risk
76.00,4.72,47.24,99.22,9.23,6.46,4.64,Low Risk
57.79,2.14,69.22,35.04,9.47,5.01,1.96,Low Risk
84.43,7.39,89.88,56.03,3.64,6.93,13.76,Low Risk
92.34,7.70,59.28,96.23,6.07,4.51,4.53,Low Risk
52.50,1.68,96.67,86.47,9.74,7.25,2.61,Low Risk
96.09,6.40,49.51,73.28,4.64,5.53,10.33,Low Risk
52.00,5.97,96.67,96.67,6.05,8.97,14.48,Low Risk
95.66,7.76,49.36,71.76,9.59,4.70,11.18,Low Risk
58.09,7.87,45.91,92.55,4.08,7.54,9.59,Low Risk
59.59,2.37,39.41,51.68,4.20,4.01,5.79,Needs Support
85.29,7.77,92.50,67.05,5.96,6.73,1.52,Low Risk
80.80,5.65,45.57,39.79,9.00,5.47,4.78,Low Risk
97.34,1.06,46.06,59.40,8.26,6.74,13.47,Low Risk
78.75,4.12,37.01,96.26,4.57,8.45,2.36,Low Risk
50.57,2.04,47.35,80.32,8.19,7.65,3.98,Low Risk
47.73,4.79,89.59,44.98,5.85,6.14,4.42,Low Risk
81.41,5.00,47.98,36.67,4.61,5.46,1.23,Low Risk
66.86,4.17,77.97,40.92,7.04,4.92,13.28,Low Risk
65.32,3.84,52.11,65.23,4.97,5.34,0.92,Low Risk
49.71,3.08,70.19,98.10,7.33,6.77,12.61,Low Risk
90.01,3.64,69.81,91.35,6.59,8.41,7.14,Low Risk
84.29,4.27,93.53,87.03,7.90,7.10,1.80,Low Risk
86.65,1.80,98.98,98.19,8.75,4.63,6.35,Low Risk
99.85,5.20,89.22,51.76,9.42,8.57,1.01,Low Risk
66.35,3.48,56.20,52.95,6.48,8.37,11.80,Low Risk
68.08,3.61,44.63,73.22,8.43,8.70,13.87,Low Risk
75.95,1.26,53.60,69.82,5.74,6.05,5.75,Needs Support
47.06,2.57,44.35,74.56,8.01,4.19,13.34,Needs Support
63.23,2.28,83.47,94.85,9.33,4.10,12.26,Low Risk
72.04,5.72,41.38,91.48,4.37,8.87,6.65,Low Risk
90.42,2.52,62.09,76.96,4.72,5.06,12.36,Low Risk
92.70,6.66,68.49,45.33,5.52,6.53,2.03,Low Risk
91.82,7.09,36.88,47.53,8.91,8.18,3.74,Low Risk
83.75,2.55,88.53,67.83,7.63,4.62,0.46,Low Risk
65.49,4.96,46.54,91.58,7.31,5.75,2.45,Low Risk
82.89,2.64,60.13,45.59,7.22,8.82,12.86,Low Risk
80.61,5.58,52.49,61.62,3.63,7.90,11.51,Low Risk
80.61,5.01,35.55,51.41,8.73,5.53,14.51,Low Risk
80.35,3.68,59.47,57.67,5.14,6.33,10.16,Low Risk
50.63,4.34,78.05,89.81,5.93,7.24,9.14,Low Risk
61.42,1.31,39.15,99.24,7.66,8.31,3.92,Low Risk
61.43,1.62,84.76,93.48,8.74,8.01,9.00,Low Risk
81.33,5.61,81.88,77.60,9.98,5.30,6.28,Low Risk
83.94,4.79,47.34,82.23,4.95,6.67,11.77,Low Risk
94.86,5.54,67.98,89.95,8.96,8.38,2.72,Low Risk
59.23,6.56,84.59,46.90,7.92,5.68,1.34,Low Risk
64.54,6.08,54.96,86.23,5.65,5.30,4.41,Low Risk
92.65,4.88,96.38,39.63,9.28,6.50,13.01,Low Risk
65.99,2.74,38.51,90.53,4.39,5.00,6.14,Needs Support
70.17,2.87,81.52,85.63,6.67,7.16,2.65,Low Risk
79.90,0.54,52.78,84.48,4.60,7.82,7.34,Needs Support
78.80,5.25,61.22,97.75,5.99,4.19,2.99,Low Risk
65.52,0.61,55.94,89.16,4.74,7.38,9.40,Needs Support
63.94,1.47,59.93,73.26,4.59,8.12,4.47,Low Risk
61.00,5.96,73.76,56.96,9.27,8.98,5.14,Low Risk
55.36,7.61,94.68,61.22,4.98,7.64,1.97,Low Risk
85.37,4.92,45.98,58.83,7.73,4.19,13.15,Low Risk
47.67,7.96,78.03,77.48,3.63,7.45,6.25,Low Risk
65.91,4.60,65.84,44.95,8.02,7.15,4.52,Low Risk
59.85,5.04,43.92,88.99,4.18,7.59,1.77,Low Risk
51.27,1.30,47.91,47.98,5.21,6.62,3.03,Needs Support
47.17,4.22,48.50,95.65,5.65,4.01,10.07,Low Risk
94.88,6.76,78.49,44.69,4.09,6.56,10.85,Low Risk
57.71,7.91,54.24,65.18,4.15,4.87,0.59,Low Risk
60.98,6.51,55.33,83.01,4.12,7.79,0.69,Low Risk
54.38,3.18,63.45,75.42,9.21,4.46,12.22,Low Risk
55.06,3.51,97.55,52.67,6.01,8.25,12.00,Low Risk
51.22,5.72,38.81,96.26,4.54,6.08,8.86,Low Risk
89.12,5.59,46.78,59.68,5.83,4.14,10.27,Low Risk
52.19,7.40,42.34,61.73,3.80,5.31,4.71,Low Risk
83.75,5.58,84.89,72.48,7.17,8.89,10.05,Low Risk
83.53,1.21,78.01,51.16,5.75,7.38,5.77,Low Risk
91.15,4.69,99.21,38.55,7.68,4.78,12.73,Low Risk
49.12,4.19,50.66,98.06,3.83,5.11,9.65,Low Risk
67.18,2.26,64.84,87.08,6.41,8.28,6.71,Low Risk
80.94,1.27,61.80,71.21,3.50,4.45,9.06,Needs Support
79.05,2.78,68.04,48.45,7.86,8.75,5.45,Low Risk
70.00,4.70,75.28,65.75,7.77,7.58,1.71,Low Risk
86.76,2.16,57.19,88.94,9.77,5.46,7.83,Low Risk
54.03,1.55,81.60,81.90,4.20,7.05,2.81,Needs Support
96.16,3.45,64.71,85.79,8.16,4.54,6.22,Low Risk
77.38,6.29,64.28,77.80,9.72,4.67,7.48,Low Risk
74.17,0.86,95.80,89.52,6.64,6.54,13.82,Low Risk
85.18,1.46,60.18,74.04,9.24,6.52,5.77,Low Risk
98.87,7.37,84.55,52.78,9.76,8.85,6.79,Low Risk
83.50,6.11,54.43,80.60,9.09,7.56,14.03,Low Risk